,ma
0,1.807066650390625
1,3.599866739908854
2,5.383066813151042
3,7.167333577473959
4,8.943733520507813
5,10.712800089518229
6,12.488800048828125
7,14.26280008951823
8,16.040257364908854
9,17.820257364908855
10,19.597057291666665
11,21.375923868815104
12,23.155390625
13,24.938723958333334
14,26.721255900065103
15,28.509922485351563
16,30.296922403971354
17,32.08492248535156
18,33.860671793619794
19,35.628671875
20,37.39347188313802
21,39.17307189941406
22,40.96227193196614
23,42.75667195638021
24,44.55444254557292
25,46.35604248046875
26,48.15737589518229
27,49.95724263509115
28,51.75670939127604
29,53.55444274902344
30,55.35044270833333
31,57.14630940755208
32,58.94359883626302
33,60.744398803710936
34,62.54333211263021
35,64.348798828125
36,66.14793212890625
37,67.94459879557292
38,69.7456640625
39,71.5433974202474
40,73.34139750162761
41,75.13833089192708
42,76.9385976155599
43,78.72926432291666
44,80.51686442057292
45,82.30097106933594
46,84.09283772786458
47,85.88983764648438
48,87.68123758951823
49,89.50603759765625
50,91.30150431315104
51,93.0959043375651
52,94.87843770345052
53,96.6693711344401
54,98.46363789876303
55,100.25017130533854
56,102.02737121582031
57,103.80817118326823
58,105.58446451822917
59,107.3597977701823
60,109.12486450195313
61,110.88673116048177
62,112.64299784342448
63,114.43059794108073
64,116.21793131510417
65,117.99019795735677
66,119.75919799804687
67,121.53102457682292
68,123.30409118652344
69,125.07462443033855
70,126.82782307942708
71,128.5403564453125
72,130.24268981933594
73,131.94188985188802
74,133.641889851888
75,133.53695658365885
76,133.4508231608073
77,133.4068231201172
78,133.35482299804687
79,133.31442301432293
80,133.2774910481771
81,133.22935770670574
82,133.17535766601563
83,133.1141670735677
84,133.04803365071615
85,132.98476704915365
86,132.9284071858724
87,132.87200703938802
88,132.8092069498698
89,132.74920837402342
90,132.69054178873697
91,132.6498085530599
92,132.61020853678386
93,132.5845684814453
94,132.55990173339845
95,132.53323506673178
96,132.49496846516928
97,132.44670186360676
98,132.3795017496745
99,132.29626444498697
100,132.21073120117188
101,132.12273111979167
102,132.0333976236979
103,131.9318642171224
104,131.834130859375
105,131.7022268676758
106,131.57569346110026
107,131.4547373453776
108,131.33220408121744
109,131.21687072753906
110,131.09433736165366
111,130.9766707356771
112,130.84160410563152
113,130.69027221679687
114,130.53760548909506
115,130.38553873697916
116,130.22980529785156
117,130.06900522867838
118,129.91913848876953
119,129.8089717610677
120,129.70686513264974
121,129.5896651204427
122,129.46946523030599
123,129.35233194986978
124,129.20313323974608
125,129.08486653645832
126,128.98526652018228
127,128.89326649983724
128,128.79513305664062
129,128.6976649983724
130,128.61033162434896
131,128.53621307373047
132,128.46061309814453
133,128.3738530476888
134,128.28398651123047
135,128.1986531575521
136,128.11545318603515
137,128.03371978759765
138,127.92371836344401
139,127.81998494466146
140,127.74065165201823
141,127.66325032552083
142,127.57969045003256
143,127.4931571451823
144,127.40755727132161
145,127.33395863850912
146,127.29862528483073
147,127.2502919514974
148,127.20602528889974
149,127.16222524007162
150,127.11927856445313
151,127.07647857666015
152,127.00281188964844
153,126.93441192626953
154,126.88441192626954
155,126.84281066894532
156,126.81181070963542
157,126.78941070556641
158,126.77189870198568
159,126.76096547444662
160,126.75036549886067
161,126.73439208984375
162,126.70139750162761
163,126.66206420898438
164,126.61726420084635
165,126.56846415201822
166,126.50326416015625
167,126.43419606526693
168,126.3862201944987
169,126.34488688151042
170,126.31048950195313
171,126.27035603841146
172,126.23328928629557
173,126.21195607503255
174,126.20035614013672
175,126.19522288004558
176,126.17788950602214
177,126.16122294108072
178,126.15755625406901
179,126.15088958740235
180,126.17759358723958
181,126.20106028238932
182,126.22326029459636
183,126.24179361979166
184,126.25286031087239
185,126.2628603108724
186,126.27206034342449
187,126.3018603515625
188,126.34372701009114
189,126.39840169270833
190,126.45433502197265
191,126.50540171305339
192,126.55673502604166
193,126.60433502197266
194,126.60783498128255
195,126.60543497721355
196,126.60810170491537
197,126.60623504638671
198,126.60410176595052
199,126.60023244222005
200,126.59089904785156
201,126.56463236490886
202,126.54303232828777
203,126.52143229166667
204,126.48903361002604
205,126.4539668782552
206,126.41555216471355
207,126.37528554280598
208,126.35241892496745
209,126.32841888427734
210,126.31788553873697
211,126.30908548990885
212,126.30361887613932
213,126.28882019042969
214,126.2653535970052
215,126.23635355631511
216,126.21367482503256
217,126.18740814208985
218,126.15620819091797
219,126.12414143880208
220,126.09534138997395
221,126.07267466227214
222,126.07054128011067
223,126.06780792236329
224,126.08307464599609
225,126.09555460611979
226,126.10988789876302
227,126.12368784586589
228,126.13728780110677
229,126.13342122395834
230,126.12355458577474
231,126.11082122802735
232,126.08535461425781
233,126.05646657307943
234,126.02659993489583
235,125.9933999633789
236,125.96379994710287
237,125.95412790934245
238,125.98532786051432
239,126.00772786458333
240,126.01746124267578
241,126.02759450276693
242,126.04196787516275
243,126.03876780192057
244,126.03114379882813
245,126.0307411702474
246,126.02740783691407
247,126.01887451171875
248,126.01007446289063
249,126.00394114176433
250,125.99034108479817
251,125.990407816569
252,126.00520772298177
253,126.01214101155598
254,126.00980763753255
255,126.00834096272787
256,126.0018076578776
257,125.98874104817709
258,125.97660766601562
259,125.97894104003906
260,125.98160766601562
261,125.98767425537109
262,125.99240753173828
263,126.00000752766927
264,125.99919952392578
265,125.99546620686849
266,126.02733286539714
267,126.06693288167318
268,126.11026631673177
269,126.16213307698568
270,126.21886647542318
271,126.2801996866862
272,126.34513305664062
273,126.41419962565104
274,126.47540100097656
275,126.5438944498698
276,126.61149454752604
277,126.675361328125
278,126.73562805175781
279,126.80456136067708
280,126.8856280517578
281,126.9632280476888
282,127.03976135253906
283,127.11282796223958
284,127.1916280110677
285,127.26096130371094
286,127.33082794189453
287,127.41866800944011
288,127.51640126546224
289,127.62360127766927
290,127.71846801757812
291,127.81128143310546
292,127.91268147786458
293,128.02014821370443
294,128.12016693115234
295,128.21990020751954
296,128.312033589681
297,128.40976694742838
298,128.5062335205078
299,128.58183349609374
300,128.65883341471354
301,128.72503346761067
302,128.80170013427735
303,128.88650014241537
304,128.96690012613934
305,129.05170013427735
306,129.1303001912435
307,129.22216684977212
308,129.32208679199218
309,129.41915334065754
310,129.5216505940755
311,129.62358388264974
312,129.72278391520183
313,129.79691741943358
314,129.88451741536457
315,129.9839828491211
316,130.0789828491211
317,130.16954427083334
318,130.26061096191407
319,130.3541015625
320,130.4372841389974
321,130.52581624348957
322,130.62381622314453
323,130.7187494913737
324,130.80994954427084
325,130.89821492513022
326,130.98561482747397
327,131.05974833170572
328,131.1381483968099
329,131.23101501464845
330,131.32688171386718
331,131.42168172200522
332,131.51634826660157
333,131.6095482381185
334,131.68814819335938
335,131.7706815592448
336,131.87594696044923
337,131.9827469889323
338,132.08594685872396
339,132.18968017578126
340,132.29141357421875
341,132.370546875
342,132.4385469563802
343,132.51521362304686
344,132.5980135091146
345,132.6813468424479
346,132.7625469970703
347,132.84241353352866
348,132.92094685872397
349,133.00734680175782
350,133.0973866780599
351,133.19045328776042
352,133.28377054850262
353,133.37710388183595
354,133.47110392252605
355,133.55617065429686
356,133.64603739420573
357,133.73377075195313
358,133.81510416666666
359,133.8952374267578
360,133.97577067057293
361,134.0609706624349
362,134.13166402180988
363,134.20219746907551
364,134.2899308268229
365,134.38326416015624
366,134.48046549479167
367,134.57933207194012
368,134.68066528320313
369,134.79124654134114
370,134.9073799641927
371,135.0693798828125
372,135.22524658203125
373,135.36978006998697
374,135.51177998860678
375,135.65697998046875
376,135.8085799153646
377,135.9479132080078
378,136.11231323242188
379,136.2684464518229
380,136.4264463297526
381,136.58637959798176
382,136.7542462158203
383,136.9132596842448
384,137.07219299316407
385,137.20836242675782
386,137.32749593098958
387,137.45096252441405
388,137.58069580078126
389,137.71376241048176
390,137.83709696451822
391,137.96183044433593
392,138.10543029785157
393,138.25463033040364
394,138.40743041992187
395,138.56291442871094
396,138.7145157877604
397,138.85781168619792
398,139.0030116780599
399,139.16594502766927
400,139.31701293945312
401,139.4678796386719
402,139.61667948404948
403,139.76614603678385
404,139.91294616699219
405,140.05654622395832
406,140.23454610188801
407,140.4182794189453
408,140.60654622395833
409,140.7962795003255
410,140.9709462483724
411,141.11668090820314
412,141.2601475016276
413,141.44388102213543
414,141.63388102213543
415,141.8218809000651
416,142.00805826822918
417,142.20179158528646
418,142.38752482096353
419,142.56619160970052
420,142.74652486165365
421,142.91679138183594
422,143.08212483723958
423,143.23892496744793
424,143.39305826822917
425,143.542925008138
426,143.6941249593099
427,143.8648075358073
428,144.02547424316407
429,144.1698329671224
430,144.31529947916667
431,144.45543273925782
432,144.5919659423828
433,144.72449930826824
434,144.82503275553384
435,144.92049947102865
436,145.0148994954427
437,145.0946327718099
438,145.16423278808594
439,145.21023274739582
440,145.2588993326823
441,145.3318125406901
442,145.40621256510417
443,145.4882792154948
444,145.58334594726563
445,145.67800862630207
446,145.72920878092447
447,145.78380879720052
448,145.83807535807293
449,145.89630879720053
450,145.94644226074217
451,145.9895088704427
452,146.03217569986978
453,146.04590901692708
454,146.0659090169271
455,146.10977579752605
456,146.16304260253906
457,146.1991760253906
458,146.23890930175781
459,146.27877604166667
460,146.33524271647136
461,146.39697591145833
462,146.46830932617186
463,146.52870930989585
464,146.5848427327474
465,146.65297607421874
466,146.7249452718099
467,146.7794120279948
468,146.8219453938802
469,146.87901204427084
470,146.93181213378907
471,146.99127868652343
472,147.0481160481771
473,147.10358276367188
474,147.1459826660156
475,147.20224934895833
476,147.2573828125
477,147.2945829264323
478,147.32378295898437
479,147.34604960123698
480,147.37298278808595
481,147.37818298339843
482,147.3728497314453
483,147.36631632486979
484,147.35804850260416
485,147.34552978515626
486,147.33699645996094
487,147.32792989095051
488,147.28192850748698
489,147.22912862141928
490,147.19499532063801
491,147.15541809082032
492,147.1108848063151
493,147.06568481445314
494,147.01821797688802
495,146.96435139973957
496,146.91768473307292
497,146.87035135904947
498,146.82821797688803
499,146.7923514811198
500,146.75941813151042
501,146.72955139160158
502,146.68381815592448
503,146.64715148925782
504,146.63479268391927
505,146.61305806477864
506,146.59479146321615
507,146.5785968017578
508,146.57406331380207
509,146.60046325683595
510,146.6293965657552
511,146.66366333007812
512,146.70499654134116
513,146.77006306966146
514,146.8429296875
515,146.9158457438151
516,146.95252970377604
517,146.98572977701824
518,147.01006306966147
519,147.0153963216146
520,147.0182002766927
521,147.02526692708332
522,147.0292002360026
523,147.04440022786457
524,147.06150024414063
525,147.0832334391276
526,147.11536682128906
527,147.145766805013
528,147.1707000732422
529,147.1981669108073
530,147.19430013020835
531,147.17983337402345
532,147.1715000406901
533,147.16443339029948
534,147.14656677246094
535,147.13210001627604
536,147.11863342285156
537,147.09076680501303
538,147.06290018717448
539,147.0419667561849
540,147.01463216145834
541,146.98039611816407
542,146.94432942708335
543,146.91046264648438
544,146.86122924804687
545,146.81549580891928
546,146.787094523112
547,146.75256123860677
548,146.70663736979168
549,146.65850402832032
550,146.60837076822918
551,146.5619706217448
552,146.53610392252605
553,146.5339707438151
554,146.52783732096353
555,146.52357076009113
556,146.51383728027344
557,146.50690388997396
558,146.49517049153647
559,146.48477172851562
560,146.51209045410155
561,146.55275716145835
562,146.59582377115885
563,146.63489176432293
564,146.67755839029948
565,146.7086250813802
566,146.7460917154948
567,146.79108357747396
568,146.83188354492188
569,146.8669502766927
570,146.90815022786458
571,146.95261698404948
572,147.00315022786458
573,147.05701680501303
574,147.12715006510416
575,147.1536834716797
576,147.18761698404947
577,147.2329502360026
578,147.2932167561849
579,147.34535013834636
580,147.40641825358074
581,147.4746807861328
582,147.54500752766927
583,147.60740763346354
584,147.6652742513021
585,147.72411560058595
586,147.77384887695314
587,147.8290488688151
588,147.87291564941407
589,147.8977823893229
590,147.90979960123698
591,147.92620096842447
592,147.93885416666666
593,147.95032084147135
594,147.9533876546224
595,147.93978637695312
596,147.92911966959636
597,147.93511962890625
598,147.945786336263
599,147.94458638509116
600,147.94205322265626
601,147.93485331217448
602,147.9441866048177
603,147.9588533528646
604,147.96651997884115
605,147.9773201497396
606,147.9891200764974
607,148.00499857584634
608,148.02073181152343
609,148.0636651611328
610,148.11019856770832
611,148.16353190104167
612,148.21899841308593
613,148.27113179524738
614,148.3176652018229
615,148.36419982910155
616,148.42686665852864
617,148.48739990234375
618,148.53886657714844
619,148.58690002441406
620,148.63530008951824
621,148.66496805826822
622,148.70350138346353
623,148.761025390625
624,148.79895874023438
625,148.83679870605468
626,148.87293212890626
627,148.90466552734375
628,148.92759867350262
629,148.96413208007812
630,149.00093200683594
631,149.02439880371094
632,149.0547987874349
633,149.08893208821615
634,149.11942545572916
635,149.12569193522134
636,149.11859720865885
637,149.11713053385418
638,149.11371317545573
639,149.11297973632813
640,149.11097981770834
641,149.10697977701824
642,149.0971864827474
643,149.08971984863283
644,149.13238647460938
645,149.1751863606771
646,149.22138631184896
647,149.2764530436198
648,149.3347198486328
649,149.37091979980468
650,149.4465197753906
651,149.49845296223958
652,149.53005310058595
653,149.5571199544271
654,149.58298665364583
655,149.60125325520832
656,149.61325744628905
657,149.62619222005208
658,149.6789923095703
659,149.7401922607422
660,149.8037510172526
661,149.85414978027345
662,149.9028165690104
663,149.93721659342447
664,149.9780165608724
665,150.05481669108073
666,150.12761678059897
667,150.19989685058593
668,150.26416361490885
669,150.33749694824218
670,150.4379648844401
671,150.53116495768228
672,150.62276489257812
673,150.7064982096354
674,150.79983154296875
675,150.89289815266926
676,150.9854315185547
677,151.06609822591145
678,151.1454315185547
679,151.25103149414062
680,151.3599648030599
681,151.4796301269531
682,151.6008848063151
683,151.7183516438802
684,151.819018351237
685,151.91648498535156
686,152.01075154622396
687,152.08288492838543
688,152.14928487141927
689,152.21063008626302
690,152.2775634765625
691,152.33249674479165
692,152.39409688313802
693,152.47543965657553
694,152.55623962402345
695,152.6281062825521
696,152.69910624186198
697,152.76297302246093
698,152.81977294921876
699,152.8961063639323
700,152.9882529703776
701,153.0727862548828
702,153.1207861328125
703,153.15243693033855
704,153.17763692220052
705,153.1903037516276
706,153.20217041015624
707,153.23910380045572
708,153.2625038655599
709,153.28801045735676
710,153.31574381510416
711,153.33403849283854
712,153.34963846842447
713,153.3687890625
714,153.4012559000651
715,153.4179890950521
716,153.4405224609375
717,153.45099039713543
718,153.45659037272137
719,153.40365844726563
720,153.35125854492188
721,153.30499186197918
722,153.22699178059895
723,153.14819173177082
724,153.0814571126302
725,153.0167891438802
726,152.96812255859376
727,152.93265584309896
728,152.88265584309895
729,152.81705586751303
730,152.7585225423177
731,152.70092244466147
732,152.64665568033854
733,152.5673221842448
734,152.48678894042968
735,152.40518900553386
736,152.3135235595703
737,152.21759012858072
738,152.13305684407553
739,152.04544352213543
740,151.9334434000651
741,151.82651000976563
742,151.70290995279947
743,151.56764322916666
744,151.43637654622395
745,151.2850966389974
746,151.13749654134114
747,150.96949666341146
748,150.82069661458334
749,150.69216328938802
750,150.55456319173177
751,150.42282836914063
752,150.2880283610026
753,150.1452284749349
754,149.98889506022135
755,149.82851094563802
756,149.67277893066407
757,149.51317891438802
758,149.36371215820313
759,149.2116455078125
760,149.06963745117187
761,148.92817077636718
762,148.80403747558594
763,148.6964373779297
764,148.59362548828125
765,148.48495869954428
766,148.37762532552082
767,148.26975850423176
768,148.14881571451824
769,148.03134908040366
770,147.91388244628905
771,147.79508260091146
772,147.68908243815105
773,147.58534912109374
774,147.4845477294922
775,147.37562764485676
776,147.27816223144532
777,147.20162902832033
778,147.1329783121745
779,147.05964497884113
780,146.99924479166665
781,146.95244466145834
782,146.8771114095052
783,146.81517801920572
784,146.74224466959635
785,146.6573114013672
786,146.574111328125
787,146.48304463704426
788,146.38904479980468
789,146.2798447672526
790,146.18251139322916
791,146.1026446533203
792,146.03391133626303
793,145.96227681477865
794,145.90560872395832
795,145.84734212239584
796,145.7802754720052
797,145.72914225260416
798,145.68634358723958
799,145.6175449625651
800,145.54474629720053
801,145.4542128499349
802,145.36474609375
803,145.2852793375651
804,145.22101257324218
805,145.1400791422526
806,145.03567911783855
807,144.9315458170573
808,144.82541259765625
809,144.72974589029948
810,144.64547912597655
811,144.58901245117187
812,144.5285459391276
813,144.4345458984375
814,144.34109252929687
815,144.24262593587238
816,144.1480926513672
817,144.07449279785158
818,144.01989278157552
819,143.9828926595052
820,143.96690592447916
821,143.95690592447917
822,143.9567724609375
823,143.94437255859376
824,143.91290588378905
825,143.8839725748698
826,143.82967529296874
827,143.78180847167968
828,143.73800842285155
829,143.68732849121093
830,143.65024576822915
831,143.60184590657553
832,143.5599792480469
833,143.53764587402344
834,143.5175791422526
835,143.48718709309895
836,143.45705383300782
837,143.42932047526043
838,143.38718729654948
839,143.3439872233073
840,143.30702860514322
841,143.26622863769532
842,143.2171620686849
843,143.1674287923177
844,143.11876200358074
845,143.07889526367188
846,143.03869506835937
847,143.01416178385418
848,142.98682698567708
849,142.9568282063802
850,142.9145615641276
851,142.8661602783203
852,142.8356268310547
853,142.80396016438803
854,142.77876017252603
855,142.7340936279297
856,142.69742696126303
857,142.65421081542968
858,142.6104774983724
859,142.57781087239584
860,142.55314290364583
861,142.53060953776043
862,142.49527628580728
863,142.46298278808592
864,142.43058268229166
865,142.40824951171874
866,142.3581162516276
867,142.31398295084637
868,142.3082840983073
869,142.30135091145834
870,142.29668416341147
871,142.29108418782553
872,142.29341756184897
873,142.28688293457031
874,142.29621622721353
875,142.317212117513
876,142.34587890625
877,142.36627888997396
878,142.38374552408854
879,142.40454549153645
880,142.4397442626953
881,142.4994110107422
882,142.55434427897134
883,142.61574422200522
884,142.66581095377603
885,142.71301086425783
886,142.75481079101561
887,142.8160107421875
888,142.90841064453124
889,143.03414408365884
890,143.1710107421875
891,143.29821065266927
892,143.42787719726562
893,143.5578771972656
894,143.67037455240884
895,143.77090799967448
896,143.8757373046875
897,143.97540405273438
898,144.07607076009114
899,144.1710040283203
900,144.26407084147135
901,144.38036946614582
902,144.49690287272136
903,144.61910278320312
904,144.74044942220053
905,144.8468495686849
906,144.94144958496094
907,145.0290496826172
908,145.09831644694012
909,145.17098307291667
910,145.25138305664063
911,145.33058308919271
912,145.39871643066405
913,145.47418294270832
914,145.54871622721353
915,145.621962890625
916,145.69289611816407
917,145.77302937825522
918,145.84062947591147
919,145.91489624023438
920,145.99062967936197
921,146.06602986653647
922,146.1213633219401
923,146.1734981282552
924,146.25603149414061
925,146.3350968424479
926,146.41696350097655
927,146.49796346028646
928,146.58623006184897
929,146.67089680989582
930,146.7728302001953
931,146.86229695638022
932,146.95384643554686
933,147.04760111490884
934,147.14680114746093
935,147.2506024169922
936,147.3616691080729
937,147.48460245768229
938,147.64942911783854
939,147.81842915852866
940,147.98076232910157
941,148.14129557291668
942,148.2983622233073
943,148.4263623046875
944,148.55422892252605
945,148.6220955403646
946,148.67969563802083
947,148.7548956298828
948,148.8298956298828
949,148.90202901204427
950,148.9683662923177
951,149.04169962565103
952,149.11423299153645
953,149.17623311360677
954,149.23516642252605
955,149.29303446451823
956,149.34536783854168
957,149.40230122884114
958,149.448901163737
959,149.51275451660158
960,149.5818212890625
961,149.65535481770834
962,149.71775472005208
963,149.77495483398437
964,149.79840006510418
965,149.81506673177083
966,149.8442814127604
967,149.86554809570313
968,149.88754821777343
969,149.91238423665365
970,149.94131754557293
971,149.9645548502604
972,149.99768819173178
973,150.0335546875
974,150.06862141927084
975,150.10808797200522
976,150.14022135416667
977,150.16888814290365
978,150.19382161458333
979,150.22062154134116
980,150.25768819173177
981,150.292021484375
982,150.3237548828125
983,150.34478678385418
984,150.3586533610026
985,150.3681201171875
986,150.3861201985677
987,150.41665364583332
988,150.43812032063803
989,150.4550537109375
990,150.47289896647135
991,150.4964990234375
992,150.51389912923176
993,150.5446990966797
994,150.5772324625651
995,150.6054990641276
996,150.6336189778646
997,150.66401896158854
998,150.6971523030599
999,150.69901896158854
1000,150.71342041015626
1001,150.71542053222657
1002,150.70788716634115
1003,150.69842061360677
1004,150.6928204345703
1005,150.68035359700522
1006,150.66275349934895
1007,150.6481201171875
1008,150.6391522216797
1009,150.62501892089844
1010,150.6101523844401
1011,150.58868570963543
1012,150.57201904296875
1013,150.51588582356771
1014,150.44955240885417
1015,150.3873524983724
1016,150.35168579101563
1017,150.31541910807292
1018,150.274619140625
1019,150.23915242513021
1020,150.25901916503906
1021,150.29155232747397
1022,150.3244470214844
1023,150.34331359863282
1024,150.35744689941407
1025,150.3652616373698
1026,150.3677950032552
1027,150.37512837727866
1028,150.39246154785155
1029,150.41046162923178
1030,150.44066162109374
1031,150.47623494466146
1032,150.50816833496094
1033,150.54096842447916
1034,150.55284830729167
1035,150.55324829101562
1036,150.56938151041666
1037,150.6094482421875
1038,150.66104817708333
1039,150.7162615966797
1040,150.7712615966797
1041,150.81432698567707
1042,150.86272705078125
1043,150.91579366048177
1044,150.9663271077474
1045,151.040326944987
1046,151.12532694498697
1047,151.21106018066405
1048,151.285326944987
1049,151.3743935139974
1050,151.4723935953776
1051,151.58619364420574
1052,151.7008601888021
1053,151.82166015625
1054,151.9456601969401
1055,152.06006022135418
1056,152.18926025390624
1057,152.3839267985026
1058,152.578628133138
1059,152.77249491373698
1060,152.95236165364582
1061,153.1232948811849
1062,153.29169474283853
1063,153.4580281575521
1064,153.60602823893228
1065,153.73362833658854
1066,153.86016174316407
1067,153.99262837727863
1068,154.12076171875
1069,154.25169494628906
1070,154.39156168619792
1071,154.52917500813803
1072,154.67104166666667
1073,154.81550821940104
1074,154.95897501627604
1075,155.09577494303386
1076,155.24830830891926
1077,155.4211083984375
1078,155.57124165852863
1079,155.6920418294271
1080,155.81637532552082
1081,155.94317545572918
1082,156.1062754313151
1083,156.25135538736978
1084,156.4118886311849
1085,156.57602193196615
1086,156.75028869628906
1087,156.92228861490887
1088,157.08495524088542
1089,157.29922200520832
1090,157.51362202962238
1091,157.69528869628905
1092,157.88422200520833
1093,158.0854219563802
1094,158.2831553141276
1095,158.48755533854165
1096,158.72822204589843
1097,158.97292724609375
1098,159.22746053059896
1099,159.4941271972656
1100,159.7490458170573
1101,159.99011250813803
1102,160.21197916666668
1103,160.36292317708333
1104,160.51905659993488
1105,160.68458984375
1106,160.84674967447916
1107,161.01494954427082
1108,161.18161478678385
1109,161.3549481201172
1110,161.53774820963542
1111,161.6837481689453
1112,161.7919482421875
1113,161.89074829101563
1114,161.97248962402344
1115,162.05428955078125
1116,162.16094278971354
1117,162.34240804036457
1118,162.50294128417968
1119,162.661474609375
1120,162.79347473144531
1121,162.90854146321615
1122,163.00780822753907
1123,163.1099416097005
1124,163.27367492675782
1125,163.43714152018228
1126,163.5920975748698
1127,163.74423095703125
1128,163.8824308268229
1129,164.00903096516927
1130,164.14903096516926
1131,164.32796427408854
1132,164.44849772135416
1133,164.57223103841145
1134,164.69743103027344
1135,164.8518310546875
1136,165.00703104654949
1137,165.15476440429688
1138,165.33029764811198
1139,165.52229756673177
1140,165.72396423339845
1141,165.9300974527995
1142,166.13476420084635
1143,166.3421641031901
1144,166.5311641438802
1145,166.73463073730468
1146,166.94261739095052
1147,167.1466172281901
1148,167.35575052897136
1149,167.57095052083332
1150,167.79508382161458
1151,168.0358837890625
1152,168.30241719563801
1153,168.56535054524738
1154,168.8438838704427
1155,169.12635050455728
1156,169.4031504313151
1157,169.64755045572917
1158,169.8888838704427
1159,170.11549723307292
1160,170.30483052571614
1161,170.47029724121094
1162,170.64483072916667
1163,170.8321641031901
1164,170.98256408691407
1165,171.1296307373047
1166,171.291889444987
1167,171.42722290039063
1168,171.53775634765626
1169,171.65722310384115
1170,171.80722310384115
1171,171.9524043782552
1172,172.07640441894532
1173,172.22413777669271
1174,172.30773783365885
1175,172.38927124023436
1176,172.47753784179687
1177,172.57820454915364
1178,172.72725260416667
1179,172.87698588053385
1180,173.0011191813151
1181,173.13205261230468
1182,173.2555194091797
1183,173.3621875
1184,173.4759208170573
1185,173.58432067871092
1186,173.69245402018228
1187,173.79018859863282
1188,173.88003397623697
1189,174.00976725260418
1190,174.1358339436849
1191,174.24396728515626
1192,174.2779685465495
1193,174.32516866048178
1194,174.40383524576822
1195,174.46063517252605
1196,174.5278350830078
1197,174.60363505045572
1198,174.6893682861328
1199,174.71723490397136
1200,174.74283487955728
1201,174.77727884928385
1202,174.81654541015624
1203,174.86581217447917
1204,174.9246787516276
1205,174.9669453938802
1206,174.97481201171874
1207,174.98974527994793
1208,175.01081197102866
1209,175.03654520670574
1210,175.04027852376302
1211,175.04587849934896
1212,175.05921183268228
1213,175.05803059895834
1214,175.06669596354166
1215,175.1032958984375
1216,175.14289591471353
1217,175.18782918294272
1218,175.23942911783854
1219,175.3045623779297
1220,175.34702901204426
1221,175.39277567545574
1222,175.43610900878906
1223,175.48497578938802
1224,175.52204243977866
1225,175.5459092203776
1226,175.55124247233073
1227,175.5181091308594
1228,175.513442586263
1229,175.53197591145835
1230,175.53904256184896
1231,175.55104248046874
1232,175.55923583984375
1233,175.58176900227863
1234,175.60822224934896
1235,175.67115559895834
1236,175.76408894856772
1237,175.84848876953126
1238,175.92142211914063
1239,175.97995544433593
1240,176.03075541178384
1241,176.07740478515626
1242,176.13913798014323
1243,176.2194045003255
1244,176.28153767903646
1245,176.3032696533203
1246,176.28275512695313
1247,176.26155517578124
1248,176.21902180989582
1249,176.24155497233073
1250,176.3210215250651
1251,176.4135548909505
1252,176.51128824869792
1253,176.63821634928385
1254,176.7655497233073
1255,176.88928304036457
1256,177.00501627604166
1257,177.13434956868488
1258,177.2771482340495
1259,177.3790148925781
1260,177.47181498209636
1261,177.57728169759113
1262,177.7182137044271
1263,177.86930155436198
1264,177.99716817220053
1265,178.11976826985676
1266,178.24164835611978
1267,178.35764709472656
1268,178.47138041178385
1269,178.53964701334635
1270,178.621513671875
1271,178.67138041178384
1272,178.70831380208332
1273,178.7259138997396
1274,178.73418070475262
1275,178.74098083496094
1276,178.73058085123697
1277,178.7063142903646
1278,178.70004760742188
1279,178.67124755859376
1280,178.64831420898437
1281,178.61591430664063
1282,178.57178100585938
1283,178.53495564778646
1284,178.49122233072916
1285,178.4310888671875
1286,178.3468223063151
1287,178.26215555826823
1288,178.183603515625
1289,178.11440490722657
1290,178.0174208577474
1291,177.93248758951822
1292,177.84408752441405
1293,177.77015421549478
1294,177.7008876546224
1295,177.6293544514974
1296,177.55122111002603
1297,177.480419921875
1298,177.39841979980469
1299,177.35201965332033
1300,177.31001953125
1301,177.2596862792969
1302,177.2162862141927
1303,177.16575276692708
1304,177.10207397460937
1305,177.04874064127605
1306,177.0095408121745
1307,176.95988077799478
1308,176.90701416015625
1309,176.83021423339844
1310,176.75554748535157
1311,176.66434733072916
1312,176.57274739583335
1313,176.48954732259114
1314,176.395947265625
1315,176.30954732259116
1316,176.2177060953776
1317,176.13077290852866
1318,176.04570638020834
1319,175.9763730875651
1320,175.89824096679686
1321,175.82517435709636
1322,175.7367742919922
1323,175.63344095865887
1324,175.53038777669272
1325,175.38852111816405
1326,175.23852111816407
1327,175.09598775227866
1328,174.9328009033203
1329,174.756000773112
1330,174.5848008219401
1331,174.40986755371094
1332,174.21426615397135
1333,174.01420084635416
1334,173.86713419596353
1335,173.72833414713543
1336,173.59140075683592
1337,173.44100077311197
1338,173.27340087890624
1339,173.09740091959637
1340,172.919267578125
1341,172.7401875813802
1342,172.56952229817708
1343,172.39925557454427
1344,172.23098897298178
1345,172.06685567220052
1346,171.91538899739584
1347,171.77652221679688
1348,171.6121221923828
1349,171.42198872884114
1350,171.2191886393229
1351,171.01865397135415
1352,170.84365397135417
1353,170.64405395507814
1354,170.50685404459637
1355,170.33392069498697
1356,170.16312052408855
1357,169.98192057291666
1358,169.79247924804687
1359,169.63941263834636
1360,169.5198126220703
1361,169.40621256510417
1362,169.32221272786458
1363,169.21754597981771
1364,169.1040791829427
1365,169.00239522298176
1366,168.8942539469401
1367,168.77158732096353
1368,168.58658732096353
1369,168.43713928222655
1370,168.28540588378905
1371,168.1359393310547
1372,167.95234069824218
1373,167.7586073811849
1374,167.53247416178385
1375,167.3075408935547
1376,167.1823409016927
1377,167.07874084472655
1378,166.98687418619792
1379,166.89561828613282
1380,166.80121826171876
1381,166.70255147298178
1382,166.63055155436197
1383,166.6048848470052
1384,166.59741821289063
1385,166.58915161132813
1386,166.58058369954426
1387,166.5833837890625
1388,166.58125040690103
1389,166.6096504720052
1390,166.631650390625
1391,166.65411702473958
1392,166.6796502685547
1393,166.69231689453125
1394,166.69258361816406
1395,166.7145837402344
1396,166.74818359375
1397,166.80525024414064
1398,166.87285034179686
1399,166.93030354817708
1400,166.9871036783854
1401,167.04750366210936
1402,167.10897033691407
1403,167.18683715820313
1404,167.2697705078125
1405,167.36030253092449
1406,167.4440372721354
1407,167.54365865071614
1408,167.65505859375
1409,167.73372538248697
1410,167.80019205729167
1411,167.84605875651042
1412,167.88339213053385
1413,167.94619201660157
1414,168.03259195963543
1415,168.13605855305988
1416,168.24179178873698
1417,168.34539184570312
1418,168.451923828125
1419,168.57413452148438
1420,168.68280110677082
1421,168.7989345296224
1422,168.9167346191406
1423,169.076201171875
1424,169.25106791178385
1425,169.4366678873698
1426,169.64120239257812
1427,169.84426900227865
1428,170.0590409342448
1429,170.2258408610026
1430,170.42917419433593
1431,170.63664103190104
1432,170.8721075439453
1433,171.0946396891276
1434,171.2817051188151
1435,171.4571718343099
1436,171.651171875
1437,171.817705078125
1438,171.99677185058593
1439,172.161171875
1440,172.31677327473957
1441,172.4585146077474
1442,172.61264790852866
1443,172.7904479980469
1444,172.92022928873698
1445,173.04689595540364
1446,173.17662923177085
1447,173.32789591471354
1448,173.48189595540364
1449,173.63989603678385
1450,173.78762268066407
1451,173.82742268880207
1452,173.84182271321615
1453,173.8399560546875
1454,173.84355733235677
1455,173.84995727539064
1456,173.85502400716146
1457,173.8366239420573
1458,173.77674275716146
1459,173.7238094075521
1460,173.69474141438803
1461,173.67544270833332
1462,173.64850931803386
1463,173.62624267578124
1464,173.58677591959636
1465,173.55704264322915
1466,173.54110921223958
1467,173.51290934244793
1468,173.47850931803384
1469,173.45330932617188
1470,173.4093760172526
1471,173.3778428141276
1472,173.34824279785155
1473,173.32117614746093
1474,173.28210957845053
1475,173.2363761393229
1476,173.19037618001303
1477,173.13037618001303
1478,173.06170939127605
1479,172.9821494547526
1480,172.8928173828125
1481,172.82653198242187
1482,172.72991190592447
1483,172.62764526367187
1484,172.52857849121094
1485,172.4417118326823
1486,172.38491190592447
1487,172.33011189778645
1488,172.25104532877603
1489,172.16077860514324
1490,172.0486454264323
1491,171.92411214192708
1492,171.79024536132812
1493,171.6758280436198
1494,171.55935078938802
1495,171.4722841389974
1496,171.36015075683594
1497,171.25015075683595
1498,171.13468424479166
1499,171.00315083821616
1500,170.8587508138021
1501,170.68948425292967
1502,170.46268432617188
1503,170.2413789876302
1504,170.0283123779297
1505,169.81071228027344
1506,169.60511210123698
1507,169.39860412597656
1508,169.22100545247395
1509,169.0635400390625
1510,168.91140665690105
1511,168.76193990071616
1512,168.6112733968099
1513,168.4603399658203
1514,168.32060668945311
1515,168.18593994140625
1516,168.0503399658203
1517,167.9192732747396
1518,167.81047322591147
1519,167.6956573486328
1520,167.58579060872395
1521,167.46712381998697
1522,167.36985697428386
1523,167.2951904296875
1524,167.219990234375
1525,167.13773030598958
1526,167.0650634765625
1527,166.98026346842448
1528,166.91213012695312
1529,166.83826354980468
1530,166.77666361490884
1531,166.73159688313802
1532,166.70066345214843
1533,166.67081136067708
1534,166.64094462076824
1535,166.586279296875
1536,166.52921264648438
1537,166.4917460123698
1538,166.42654479980467
1539,166.3625449625651
1540,166.3034462483724
1541,166.23624633789063
1542,166.17544616699217
1543,166.115712890625
1544,166.03757954915363
1545,165.93931274414064
1546,165.823779296875
1547,165.70544596354168
1548,165.58771260579428
1549,165.477783203125
1550,165.36991658528646
1551,165.2817832438151
1552,165.1792498779297
1553,165.0895166015625
1554,164.98760986328125
1555,164.88560994466147
1556,164.76336059570312
1557,164.65516072591146
1558,164.54769409179687
1559,164.4219608561198
1560,164.3259608968099
1561,164.24889424641927
1562,164.15674886067708
1563,164.07421549479167
1564,163.96528218587238
1565,163.91621541341146
1566,163.88514872233074
1567,163.86074869791668
1568,163.82516743977865
1569,163.78790059407552
1570,163.74976725260416
1571,163.73896728515626
1572,163.6845672607422
1573,163.60443379720053
1574,163.53576721191405
1575,163.4773673502604
1576,163.44476725260418
1577,163.4633005777995
1578,163.4634326171875
1579,163.46943257649738
1580,163.46203267415365
1581,163.40856608072917
1582,163.34800740559896
1583,163.26727396647135
1584,163.16780721028647
1585,163.04580729166668
1586,162.89780741373698
1587,162.75514058430988
1588,162.59754069010415
1589,162.4246073404948
1590,162.24220743815104
1591,162.06727396647136
1592,161.88127400716147
1593,161.70594075520833
1594,161.55209004720052
1595,161.4190234375
1596,161.29207682291667
1597,161.13741027832032
1598,160.98527689615887
1599,160.84047709147134
1600,160.74901041666666
1601,160.67221048990885
1602,160.60501057942707
1603,160.52821065266926
1604,160.44621053059896
1605,160.3635439046224
1606,160.28087727864585
1607,160.19114400227863
1608,160.08394409179687
1609,159.97927754720052
1610,159.8808107503255
1611,159.7860107421875
1612,159.6680773925781
1613,159.58727864583332
1614,159.51634521484374
1615,159.43984395345052
1616,159.36917724609376
1617,159.30437723795572
1618,159.25524373372397
1619,159.23924377441406
1620,159.25197713216147
1621,159.27511047363282
1622,159.29771057128906
1623,159.3242439778646
1624,159.35064005533854
1625,159.36743998209636
1626,159.36583984375
1627,159.39117309570312
1628,159.44517313639324
1629,159.53703979492187
1630,159.63121988932292
1631,159.73640787760417
1632,159.85694112141928
1633,159.97414103190104
1634,160.11907430013022
1635,160.25040751139323
1636,160.3668074544271
1637,160.51641947428385
1638,160.6782861328125
1639,160.8640195719401
1640,161.00468627929686
1641,161.1274863688151
1642,161.2622863769531
1643,161.38681966145833
1644,161.5182198079427
1645,161.64595316569012
1646,161.7674198404948
1647,161.9411531575521
1648,162.1514198811849
1649,162.3811531575521
1650,162.62208638509114
1651,162.82488647460937
1652,163.0197530110677
1653,163.23128763834634
1654,163.43795430501302
1655,163.66028767903646
1656,163.9146877034505
1657,164.16022115071615
1658,164.39488789876302
1659,164.63568806966146
1660,164.89488810221354
1661,165.1798213704427
1662,165.46795471191408
1663,165.80008666992188
1664,166.14435343424478
1665,166.49702006022136
1666,166.8391534423828
1667,167.19668680826823
1668,167.55255350748698
1669,167.89388671875
1670,168.22615336100262
1671,168.5510333251953
1672,168.87609985351563
1673,169.18649983723958
1674,169.5035664876302
1675,169.77423319498698
1676,170.0295664469401
1677,170.29263305664062
1678,170.54649963378907
1679,170.8100996907552
1680,171.05449971516927
1681,171.2810331217448
1682,171.51196655273438
1683,171.7470330810547
1684,171.95412638346355
1685,172.14219319661458
1686,172.3113651529948
1687,172.4816984049479
1688,172.64709838867188
1689,172.80469848632814
1690,172.97076517740885
1691,173.17876525878907
1692,173.37796529134116
1693,173.57497334798177
1694,173.75277323404947
1695,173.92790669759114
1696,174.09797342936199
1697,174.26237345377604
1698,174.42170674641926
1699,174.57457336425782
1700,174.73137349446614
1701,174.88137349446615
1702,175.01937357584634
1703,175.11857360839844
1704,175.199907023112
1705,175.25572692871094
1706,175.2893389892578
1707,175.3202724202474
1708,175.35520589192708
1709,175.41067260742187
1710,175.4489394124349
1711,175.46627278645835
1712,175.47853942871095
1713,175.47520609537762
1714,175.46313944498698
1715,175.45214335123697
1716,175.46261006673177
1717,175.47381001790365
1718,175.49154337565105
1719,175.48500996907552
1720,175.46487670898438
1721,175.4548767089844
1722,175.43234212239582
1723,175.38873819986978
1724,175.33860493977863
1725,175.27967163085938
1726,175.21673828125
1727,175.126538289388
1728,175.02853841145833
1729,174.9309385172526
1730,174.83027180989583
1731,174.72533854166667
1732,174.608871866862
1733,174.54853841145834
1734,174.48287170410157
1735,174.4105383300781
1736,174.32333841959635
1737,174.22440511067708
1738,174.0864064534505
1739,173.95633972167968
1740,173.83647298177084
1741,173.73793965657552
1742,173.64333964029947
1743,173.5372062174479
1744,173.42498758951822
1745,173.30818766276042
1746,173.20172098795572
1747,173.1095878092448
1748,172.9795878092448
1749,172.83292114257813
1750,172.68292114257812
1751,172.54425455729168
1752,172.39440266927085
1753,172.2453361002604
1754,172.10007609049478
1755,171.96338806152343
1756,171.80145874023438
1757,171.63182657877604
1758,171.4898213704427
1759,171.3676601155599
1760,171.24899332682293
1761,171.1632879638672
1762,171.0912880452474
1763,171.01188802083334
1764,170.91775451660158
1765,170.8111543782552
1766,170.66991434733072
1767,170.5363144938151
1768,170.39723978678384
