,sts
0,2021-04-29 09:30:00-04:00
1,2021-05-27 12:30:00-04:00
2,2021-07-16 14:30:00-04:00
3,2021-07-27 12:30:00-04:00
4,2021-08-06 12:30:00-04:00
5,2021-08-18 11:30:00-04:00
6,2021-09-10 10:30:00-04:00
7,2021-09-27 14:30:00-04:00
8,2021-10-12 12:30:00-04:00
9,2021-11-09 10:30:00-05:00
10,2021-11-24 15:30:00-05:00
11,2021-12-14 09:30:00-05:00
12,2022-01-05 12:30:00-05:00
13,2022-01-14 11:30:00-05:00
14,2022-02-03 15:30:00-05:00
15,2022-03-04 09:30:00-05:00
16,2022-04-01 09:30:00-04:00
